caller,receiver,timestamp,duration_sec,cell_tower
9119325613,9883716767,2026-06-27T23:45:22.420389,781,TOWER-2
9883716767,9507861547,2026-06-14T04:45:22.420389,464,TOWER-1
9103521443,9157334558,2026-08-20T00:45:22.420389,304,TOWER-1
9763553360,9122330468,2026-07-18T03:45:22.420389,664,TOWER-2
9356684463,9251305036,2026-06-18T17:45:22.420389,1053,TOWER-1
9930059616,9633844632,2026-06-04T05:45:22.420389,1011,TOWER-2
9470943746,9119325613,2026-07-30T23:45:22.420389,1663,TOWER-5
9455401597,9507631359,2026-06-28T19:45:22.420389,510,TOWER-3
9633844632,9645445371,2026-07-19T22:45:22.420389,1353,TOWER-5
9507631359,9315220005,2026-08-20T05:45:22.420389,1351,TOWER-2
9157334558,9645445371,2026-07-15T22:45:22.420389,1437,TOWER-4
9119325613,9485013618,2026-07-13T22:45:22.420389,277,TOWER-2
9633844632,9645445371,2026-07-20T22:45:22.420389,1240,TOWER-3
9223786821,9633844632,2026-07-20T22:45:22.420389,1448,TOWER-5
9251305036,9658565490,2026-08-17T00:45:22.420389,1605,TOWER-5
9883716767,9119325613,2026-07-15T22:45:22.420389,906,TOWER-4
9645445371,9157334558,2026-07-15T22:45:22.420389,1419,TOWER-3
9250703355,9883716767,2026-07-16T22:45:22.420389,1428,TOWER-2
9992003135,9119325613,2026-08-07T09:45:22.420389,1696,TOWER-2
9166012408,9633844632,2026-08-19T06:45:22.420389,1421,TOWER-1
9119325613,9250703355,2026-07-12T22:45:22.420389,52,TOWER-1
9776723706,9470943746,2026-08-20T04:45:22.420389,1155,TOWER-3
9633844632,9483778558,2026-06-26T14:45:22.420389,789,TOWER-4
9883716767,9645445371,2026-08-19T19:45:22.420389,792,TOWER-1
9485013618,9633844632,2026-07-10T22:45:22.420389,998,TOWER-5
9101766480,9658565490,2026-08-23T02:45:22.420389,360,TOWER-2
9470943746,9834030738,2026-06-25T09:45:22.420389,458,TOWER-4
9223786821,9645445371,2026-07-14T22:45:22.420389,23,TOWER-4
9157334558,9785122250,2026-06-05T11:45:22.420389,1495,TOWER-5
9250703355,9157334558,2026-08-28T09:45:22.420389,1047,TOWER-4
9206683624,9251305036,2026-07-30T15:45:22.420389,1076,TOWER-1
9507631359,9356684463,2026-06-18T10:45:22.420389,108,TOWER-3
9883716767,9250703355,2026-07-16T22:45:22.420389,331,TOWER-2
9223786821,9157334558,2026-07-15T22:45:22.420389,226,TOWER-1
9633844632,9157334558,2026-07-19T22:45:22.420389,1038,TOWER-5
9763553360,9859601150,2026-08-02T12:45:22.420389,973,TOWER-5
9763553360,9780075432,2026-08-24T21:45:22.420389,288,TOWER-5
9455401597,9992003135,2026-06-11T07:45:22.420389,1072,TOWER-1
9395894857,9251305036,2026-06-20T12:45:22.420389,1241,TOWER-4
9356684463,9315220005,2026-08-24T20:45:22.420389,819,TOWER-3
9859601150,9223786821,2026-06-03T13:45:22.420389,1152,TOWER-5
9455401597,9485013618,2026-06-22T08:45:22.420389,745,TOWER-3
9633844632,9250703355,2026-06-22T22:45:22.420389,1453,TOWER-2
9251305036,9992003135,2026-06-14T00:45:22.420389,1440,TOWER-2
9316044204,9166012408,2026-08-13T00:45:22.420389,1145,TOWER-2
9119325613,9883716767,2026-07-19T22:45:22.420389,1607,TOWER-4
9645445371,9485013618,2026-07-13T22:45:22.420389,1334,TOWER-3
9166012408,9883716767,2026-06-27T03:45:22.420389,1223,TOWER-5
9223786821,9485013618,2026-07-15T22:45:22.420389,1197,TOWER-4
9119325613,9485013618,2026-07-14T22:45:22.420389,443,TOWER-4
9206683624,9485013618,2026-07-15T22:45:22.420389,1250,TOWER-2
9485013618,9633844632,2026-07-12T22:45:22.420389,150,TOWER-5
9250703355,9763553360,2026-07-05T08:45:22.420389,1601,TOWER-3
9859601150,9206683624,2026-06-14T11:45:22.420389,389,TOWER-4
9223786821,9633844632,2026-07-15T22:45:22.420389,856,TOWER-2
9658565490,9992003135,2026-07-08T13:45:22.420389,1117,TOWER-4
9251305036,9396524876,2026-06-06T07:45:22.420389,590,TOWER-1
9834030738,9455401597,2026-06-20T09:45:22.420389,648,TOWER-1
9395894857,9206683624,2026-08-08T22:45:22.420389,558,TOWER-5
9785122250,9776723706,2026-06-14T07:45:22.420389,1637,TOWER-4
9250703355,9645445371,2026-07-31T20:45:22.420389,1296,TOWER-2
9483778558,9470943746,2026-06-06T02:45:22.420389,1728,TOWER-3
9315220005,9103521443,2026-07-05T15:45:22.420389,259,TOWER-2
9883716767,9250703355,2026-07-18T22:45:22.420389,521,TOWER-3
9223786821,9485013618,2026-07-10T22:45:22.420389,1688,TOWER-3
9250703355,9947866864,2026-06-25T14:45:22.420389,1561,TOWER-3
9223786821,9645445371,2026-07-16T22:45:22.420389,1141,TOWER-3
9997208934,9223786821,2026-07-11T21:45:22.420389,1698,TOWER-3
9103521443,9507861547,2026-08-04T14:45:22.420389,1674,TOWER-1
9485013618,9633844632,2026-07-10T22:45:22.420389,571,TOWER-4
9930059616,9992003135,2026-08-03T19:45:22.420389,879,TOWER-1
9396524876,9859601150,2026-06-15T08:45:22.420389,1298,TOWER-5
9166012408,9859601150,2026-06-28T18:45:22.420389,212,TOWER-4
9316044204,9780075432,2026-08-10T04:45:22.420389,69,TOWER-3
9645445371,9250703355,2026-07-18T11:45:22.420389,1412,TOWER-2
9250703355,9485013618,2026-07-13T22:45:22.420389,896,TOWER-5
9455401597,9776723706,2026-08-26T02:45:22.420389,455,TOWER-2
9251305036,9834030738,2026-07-27T12:45:22.420389,662,TOWER-5
9316044204,9834030738,2026-06-09T12:45:22.420389,1581,TOWER-2
9859601150,9166012408,2026-07-24T05:45:22.420389,717,TOWER-2
9485013618,9315220005,2026-07-24T07:45:22.420389,259,TOWER-2
9250703355,9119325613,2026-07-12T22:45:22.420389,286,TOWER-5
9930059616,9515353101,2026-06-01T17:45:22.420389,1564,TOWER-4
9859601150,9485013618,2026-06-13T05:45:22.420389,410,TOWER-5
9515353101,9470943746,2026-06-29T17:45:22.420389,646,TOWER-3
9206683624,9883716767,2026-07-10T22:45:22.420389,1486,TOWER-2
9947866864,9396524876,2026-08-29T14:45:22.420389,1222,TOWER-4
9947866864,9785122250,2026-08-30T21:45:22.420389,32,TOWER-5
9507861547,9834030738,2026-07-01T04:45:22.420389,1273,TOWER-3
9206683624,9250703355,2026-07-19T22:45:22.420389,536,TOWER-1
9206683624,9316044204,2026-06-20T04:45:22.420389,646,TOWER-4
9883716767,9997208934,2026-07-25T01:45:22.420389,205,TOWER-4
9251305036,9252679083,2026-07-08T23:45:22.420389,1385,TOWER-3
9992003135,9515353101,2026-07-10T11:45:22.420389,1606,TOWER-5
9633844632,9252679083,2026-06-26T05:45:22.420389,959,TOWER-3
9859601150,9947866864,2026-06-04T06:45:22.420389,1379,TOWER-5
9103521443,9785122250,2026-06-07T17:45:22.420389,1260,TOWER-2
9119325613,9101766480,2026-06-28T03:45:22.420389,277,TOWER-1
9785122250,9859601150,2026-07-29T11:45:22.420389,1234,TOWER-2
9515353101,9166012408,2026-06-01T15:45:22.420389,1520,TOWER-1
9507861547,9930059616,2026-08-21T21:45:22.420389,376,TOWER-4
9206683624,9119325613,2026-07-20T22:45:22.420389,1563,TOWER-4
9455401597,9440112039,2026-06-10T23:45:22.420389,1575,TOWER-2
9206683624,9119325613,2026-07-18T22:45:22.420389,456,TOWER-4
9645445371,9785122250,2026-07-25T06:45:22.420389,1150,TOWER-1
9515353101,9763553360,2026-06-12T11:45:22.420389,811,TOWER-4
9206683624,9250703355,2026-07-19T22:45:22.420389,37,TOWER-5
9223786821,9455401597,2026-06-07T23:45:22.420389,1224,TOWER-2
9470943746,9251305036,2026-06-20T06:45:22.420389,1535,TOWER-3
9485013618,9633844632,2026-07-19T22:45:22.420389,1351,TOWER-5
9763553360,9645445371,2026-06-22T23:45:22.420389,1585,TOWER-1
9658565490,9483778558,2026-06-02T02:45:22.420389,254,TOWER-2
9223786821,9645445371,2026-07-13T22:45:22.420389,1556,TOWER-1
9119325613,9485013618,2026-07-18T22:45:22.420389,734,TOWER-1
9455401597,9515353101,2026-06-07T23:45:22.420389,1775,TOWER-2
9440112039,9455401597,2026-08-27T00:45:22.420389,38,TOWER-1
9119325613,9206683624,2026-07-14T22:45:22.420389,605,TOWER-3
9166012408,9395894857,2026-06-05T01:45:22.420389,428,TOWER-4
9119325613,9206683624,2026-08-28T00:45:22.420389,355,TOWER-5
9416624250,9859601150,2026-06-04T06:45:22.420389,1037,TOWER-3
9416624250,9834030738,2026-07-28T19:45:22.420389,359,TOWER-3
9344234907,9859601150,2026-07-13T12:45:22.420389,460,TOWER-5
9859601150,9507631359,2026-07-31T15:45:22.420389,133,TOWER-4
9440112039,9883716767,2026-08-10T03:45:22.420389,761,TOWER-1
9883716767,9206683624,2026-07-11T22:45:22.420389,1161,TOWER-1
9251305036,9416624250,2026-06-01T03:45:22.420389,702,TOWER-1
9483778558,9103521443,2026-08-26T03:45:22.420389,1103,TOWER-5
9483778558,9316044204,2026-06-19T05:45:22.420389,1233,TOWER-2
9316044204,9992003135,2026-07-22T05:45:22.420389,976,TOWER-5
9250703355,9485013618,2026-07-20T22:45:22.420389,1787,TOWER-1
9223786821,9157334558,2026-07-12T22:45:22.420389,574,TOWER-5
9206683624,9883716767,2026-07-15T22:45:22.420389,1116,TOWER-3
9250703355,9883716767,2026-07-17T22:45:22.420389,464,TOWER-3
9930059616,9122330468,2026-06-01T10:45:22.420389,1597,TOWER-2
9483778558,9776723706,2026-07-28T16:45:22.420389,626,TOWER-1
9470943746,9515353101,2026-08-21T05:45:22.420389,998,TOWER-2
9223786821,9485013618,2026-07-20T22:45:22.420389,617,TOWER-3
9485013618,9645445371,2026-07-19T22:45:22.420389,276,TOWER-1
9515353101,9396524876,2026-07-15T11:45:22.420389,1422,TOWER-3
9658565490,9223786821,2026-06-05T14:45:22.420389,282,TOWER-3
9103521443,9633844632,2026-06-26T10:45:22.420389,453,TOWER-1
9633844632,9157334558,2026-07-15T22:45:22.420389,104,TOWER-2
9316044204,9485013618,2026-06-05T02:45:22.420389,1366,TOWER-5
9103521443,9992003135,2026-06-25T01:45:22.420389,1725,TOWER-4
9883716767,9122330468,2026-08-26T14:45:22.420389,1455,TOWER-2
9166012408,9396524876,2026-07-27T13:45:22.420389,1297,TOWER-4
9166012408,9883716767,2026-07-05T04:45:22.420389,1270,TOWER-5
9834030738,9785122250,2026-07-11T16:45:22.420389,647,TOWER-4
9930059616,9992003135,2026-06-28T22:45:22.420389,962,TOWER-3
9485013618,9206683624,2026-07-18T22:45:22.420389,1795,TOWER-5
9344234907,9633844632,2026-06-22T17:45:22.420389,644,TOWER-1
9485013618,9250703355,2026-07-15T22:45:22.420389,997,TOWER-4
9344234907,9483778558,2026-08-20T10:45:22.420389,1565,TOWER-3
9930059616,9101766480,2026-08-29T00:45:22.420389,389,TOWER-2
9250703355,9507631359,2026-08-14T21:45:22.420389,619,TOWER-2
9157334558,9485013618,2026-07-14T22:45:22.420389,824,TOWER-3
9119325613,9485013618,2026-07-15T22:45:22.420389,213,TOWER-3
9119325613,9485013618,2026-07-15T22:45:22.420389,1675,TOWER-3
9633844632,9223786821,2026-06-09T20:45:22.420389,355,TOWER-2
9122330468,9396524876,2026-07-06T06:45:22.420389,1416,TOWER-4
9250703355,9157334558,2026-08-14T00:45:22.420389,338,TOWER-5
9250703355,9119325613,2026-07-18T22:45:22.420389,829,TOWER-2
9763553360,9776723706,2026-07-23T14:45:22.420389,1723,TOWER-3
9997208934,9763553360,2026-07-10T17:45:22.420389,924,TOWER-2
9507861547,9157334558,2026-08-22T20:45:22.420389,1305,TOWER-3
9780075432,9930059616,2026-08-13T09:45:22.420389,446,TOWER-5
9883716767,9119325613,2026-07-12T22:45:22.420389,1210,TOWER-3
9883716767,9250703355,2026-07-17T22:45:22.420389,1172,TOWER-1
9166012408,9515353101,2026-07-17T16:45:22.420389,1441,TOWER-4
9206683624,9119325613,2026-07-13T22:45:22.420389,164,TOWER-5
9776723706,9507631359,2026-07-05T00:45:22.420389,912,TOWER-2
9395894857,9633844632,2026-07-13T13:45:22.420389,1232,TOWER-3
9250703355,9315220005,2026-08-02T12:45:22.420389,1041,TOWER-1
9251305036,9947866864,2026-07-26T00:45:22.420389,930,TOWER-1
9485013618,9997208934,2026-08-20T18:45:22.420389,1337,TOWER-5
9103521443,9507631359,2026-08-04T21:45:22.420389,684,TOWER-5
9101766480,9122330468,2026-07-03T08:45:22.420389,680,TOWER-1
9119325613,9485013618,2026-07-16T22:45:22.420389,1771,TOWER-1
9223786821,9485013618,2026-07-17T22:45:22.420389,758,TOWER-2
9344234907,9930059616,2026-07-06T04:45:22.420389,728,TOWER-1
9633844632,9485013618,2026-07-11T22:45:22.420389,1170,TOWER-3
9122330468,9776723706,2026-06-30T00:45:22.420389,856,TOWER-5
9206683624,9930059616,2026-06-10T02:45:22.420389,612,TOWER-4
9485013618,9883716767,2026-07-11T22:45:22.420389,992,TOWER-3
9157334558,9252679083,2026-07-05T17:45:22.420389,1481,TOWER-4
9206683624,9883716767,2026-07-12T22:45:22.420389,524,TOWER-1
9785122250,9101766480,2026-08-27T17:45:22.420389,1470,TOWER-5
9157334558,9645445371,2026-07-17T22:45:22.420389,1328,TOWER-1
9251305036,9470943746,2026-07-02T14:45:22.420389,1492,TOWER-2
9507631359,9101766480,2026-06-01T12:45:22.420389,482,TOWER-2
9206683624,9859601150,2026-07-28T02:45:22.420389,406,TOWER-2
9101766480,9316044204,2026-08-25T03:45:22.420389,1238,TOWER-5
9947866864,9157334558,2026-07-09T21:45:22.420389,580,TOWER-2
9485013618,9633844632,2026-07-14T22:45:22.420389,317,TOWER-3
9119325613,9250703355,2026-07-15T22:45:22.420389,1377,TOWER-4
9157334558,9223786821,2026-07-11T22:45:22.420389,645,TOWER-3
9834030738,9252679083,2026-07-03T14:45:22.420389,1800,TOWER-3
9223786821,9645445371,2026-07-18T22:45:22.420389,1166,TOWER-2
9763553360,9645445371,2026-08-07T08:45:22.420389,1265,TOWER-2
9515353101,9250703355,2026-06-12T05:45:22.420389,1693,TOWER-5
9250703355,9485013618,2026-07-20T22:45:22.420389,1713,TOWER-1
9223786821,9507861547,2026-06-22T00:45:22.420389,1600,TOWER-1
9859601150,9416624250,2026-06-25T09:45:22.420389,529,TOWER-4
9633844632,9859601150,2026-07-12T02:45:22.420389,1602,TOWER-3
9485013618,9315220005,2026-07-28T22:45:22.420389,1224,TOWER-5
9997208934,9344234907,2026-08-13T19:45:22.420389,722,TOWER-3
9223786821,9834030738,2026-07-30T10:45:22.420389,1337,TOWER-2
9157334558,9223786821,2026-07-17T22:45:22.420389,798,TOWER-5
9119325613,9485013618,2026-07-18T22:45:22.420389,216,TOWER-1
9157334558,9633844632,2026-07-19T22:45:22.420389,437,TOWER-1
9206683624,9645445371,2026-07-24T17:45:22.420389,272,TOWER-5
9356684463,9763553360,2026-07-23T01:45:22.420389,199,TOWER-1
9507631359,9250703355,2026-07-02T14:45:22.420389,1544,TOWER-3
9396524876,9633844632,2026-06-24T17:45:22.420389,1576,TOWER-5
9485013618,9223786821,2026-07-12T22:45:22.420389,967,TOWER-4
9992003135,9395894857,2026-08-27T07:45:22.420389,503,TOWER-4
9396524876,9315220005,2026-08-09T07:45:22.420389,385,TOWER-4
9344234907,9947866864,2026-06-04T00:45:22.420389,1783,TOWER-1
9883716767,9485013618,2026-07-19T22:45:22.420389,1427,TOWER-5
9206683624,9883716767,2026-07-18T22:45:22.420389,1518,TOWER-2
9250703355,9119325613,2026-07-19T22:45:22.420389,465,TOWER-4
9344234907,9251305036,2026-08-09T00:45:22.420389,1087,TOWER-5
9883716767,9992003135,2026-07-16T06:45:22.420389,433,TOWER-5
9947866864,9251305036,2026-08-19T03:45:22.420389,1403,TOWER-3
9250703355,9206683624,2026-07-20T22:45:22.420389,265,TOWER-1
9785122250,9157334558,2026-08-08T11:45:22.420389,647,TOWER-2
9645445371,9223786821,2026-07-16T22:45:22.420389,769,TOWER-3
9515353101,9947866864,2026-07-12T01:45:22.420389,846,TOWER-2
9157334558,9223786821,2026-07-12T22:45:22.420389,382,TOWER-4
9645445371,9223786821,2026-07-16T22:45:22.420389,1215,TOWER-1
9883716767,9485013618,2026-06-09T10:45:22.420389,1439,TOWER-2
9122330468,9395894857,2026-07-14T19:45:22.420389,1065,TOWER-1
9223786821,9515353101,2026-08-20T08:45:22.420389,1367,TOWER-2
9515353101,9470943746,2026-07-20T01:45:22.420389,1025,TOWER-2
9515353101,9507631359,2026-07-26T04:45:22.420389,52,TOWER-3
9633844632,9485013618,2026-07-20T22:45:22.420389,631,TOWER-1
9440112039,9483778558,2026-06-09T03:45:22.420389,1504,TOWER-1
9315220005,9344234907,2026-08-14T15:45:22.420389,867,TOWER-1
9470943746,9645445371,2026-06-13T20:45:22.420389,878,TOWER-3
9633844632,9157334558,2026-07-15T22:45:22.420389,966,TOWER-2
9997208934,9251305036,2026-08-05T12:45:22.420389,1151,TOWER-3
9785122250,9485013618,2026-06-21T06:45:22.420389,422,TOWER-5
9633844632,9223786821,2026-07-13T22:45:22.420389,1258,TOWER-2
9883716767,9780075432,2026-08-05T09:45:22.420389,554,TOWER-5
9396524876,9395894857,2026-08-04T06:45:22.420389,1730,TOWER-3
9883716767,9223786821,2026-06-28T16:45:22.420389,983,TOWER-3
9157334558,9223786821,2026-07-18T22:45:22.420389,118,TOWER-2
9103521443,9645445371,2026-06-11T01:45:22.420389,1799,TOWER-1
9658565490,9645445371,2026-07-25T19:45:22.420389,1130,TOWER-2
9122330468,9251305036,2026-08-23T19:45:22.420389,69,TOWER-4
9780075432,9992003135,2026-08-03T05:45:22.420389,968,TOWER-3
9485013618,9119325613,2026-07-16T22:45:22.420389,1031,TOWER-1
9633844632,9166012408,2026-08-12T10:45:22.420389,356,TOWER-4
9316044204,9252679083,2026-06-21T15:45:22.420389,809,TOWER-2
9485013618,9223786821,2026-07-12T22:45:22.420389,249,TOWER-2
9947866864,9930059616,2026-06-27T00:45:22.420389,645,TOWER-1
9396524876,9356684463,2026-07-07T22:45:22.420389,50,TOWER-2
9776723706,9859601150,2026-07-24T13:45:22.420389,1488,TOWER-5
9101766480,9356684463,2026-08-25T23:45:22.420389,1481,TOWER-2
9483778558,9930059616,2026-06-20T01:45:22.420389,1624,TOWER-2
9395894857,9658565490,2026-08-13T14:45:22.420389,428,TOWER-5
9103521443,9763553360,2026-06-05T03:45:22.420389,1575,TOWER-2
9947866864,9785122250,2026-08-01T11:45:22.420389,1488,TOWER-4
9223786821,9645445371,2026-07-15T22:45:22.420389,552,TOWER-1
9166012408,9785122250,2026-08-20T05:45:22.420389,224,TOWER-5
9834030738,9507861547,2026-06-14T14:45:22.420389,1656,TOWER-2
9223786821,9633844632,2026-07-20T22:45:22.420389,435,TOWER-3
9776723706,9316044204,2026-07-23T09:45:22.420389,267,TOWER-1
9859601150,9416624250,2026-07-28T19:45:22.420389,1344,TOWER-1
9316044204,9507861547,2026-07-11T02:45:22.420389,1657,TOWER-2
9157334558,9645445371,2026-07-19T22:45:22.420389,538,TOWER-4
9883716767,9119325613,2026-07-19T22:45:22.420389,1120,TOWER-3
9883716767,9119325613,2026-07-14T22:45:22.420389,925,TOWER-4
9485013618,9223786821,2026-07-17T22:45:22.420389,45,TOWER-2
9356684463,9166012408,2026-06-18T03:45:22.420389,1199,TOWER-4
9344234907,9316044204,2026-07-21T17:45:22.420389,519,TOWER-4
9166012408,9315220005,2026-06-11T22:45:22.420389,964,TOWER-5
9645445371,9157334558,2026-07-19T22:45:22.420389,414,TOWER-3
9507861547,9763553360,2026-07-22T05:45:22.420389,1058,TOWER-3
9834030738,9992003135,2026-06-28T10:45:22.420389,228,TOWER-4
9785122250,9507861547,2026-08-25T04:45:22.420389,684,TOWER-4
9315220005,9947866864,2026-06-21T01:45:22.420389,75,TOWER-4
9344234907,9859601150,2026-07-21T04:45:22.420389,1769,TOWER-4
9356684463,9776723706,2026-06-26T12:45:22.420389,1310,TOWER-5
9250703355,9485013618,2026-07-20T22:45:22.420389,627,TOWER-5
9103521443,9785122250,2026-07-22T16:45:22.420389,1475,TOWER-4
9997208934,9344234907,2026-08-27T19:45:22.420389,1650,TOWER-2
9315220005,9416624250,2026-08-09T12:45:22.420389,1270,TOWER-1
9507631359,9997208934,2026-06-09T09:45:22.420389,1318,TOWER-1
9251305036,9633844632,2026-07-01T18:45:22.420389,1225,TOWER-5
9157334558,9992003135,2026-06-04T16:45:22.420389,1329,TOWER-5
9315220005,9103521443,2026-08-27T18:45:22.420389,1571,TOWER-5
9485013618,9250703355,2026-07-19T22:45:22.420389,1493,TOWER-1
9859601150,9356684463,2026-08-04T23:45:22.420389,1531,TOWER-2
9455401597,9645445371,2026-06-29T21:45:22.420389,1470,TOWER-2
9223786821,9119325613,2026-07-13T01:45:22.420389,498,TOWER-5
9485013618,9883716767,2026-07-17T22:45:22.420389,555,TOWER-5
9206683624,9157334558,2026-06-12T23:45:22.420389,1431,TOWER-1
9119325613,9206683624,2026-07-10T22:45:22.420389,335,TOWER-5
9645445371,9315220005,2026-07-26T20:45:22.420389,793,TOWER-3
9250703355,9395894857,2026-07-30T16:45:22.420389,335,TOWER-5
9515353101,9316044204,2026-07-28T22:45:22.420389,1312,TOWER-4
9658565490,9122330468,2026-07-06T04:45:22.420389,361,TOWER-1
9763553360,9157334558,2026-06-06T18:45:22.420389,685,TOWER-1
9252679083,9947866864,2026-07-31T16:45:22.420389,1336,TOWER-1
9645445371,9157334558,2026-06-29T04:45:22.420389,411,TOWER-1
9883716767,9119325613,2026-07-18T22:45:22.420389,939,TOWER-4
9250703355,9883716767,2026-07-15T22:45:22.420389,63,TOWER-3
9416624250,9396524876,2026-07-19T15:45:22.420389,604,TOWER-1
9396524876,9103521443,2026-08-25T14:45:22.420389,1600,TOWER-2
9206683624,9119325613,2026-07-12T22:45:22.420389,1476,TOWER-3
9119325613,9206683624,2026-07-17T22:45:22.420389,871,TOWER-4
9834030738,9344234907,2026-07-22T10:45:22.420389,114,TOWER-5
9483778558,9396524876,2026-06-05T17:45:22.420389,929,TOWER-4
9633844632,9440112039,2026-07-13T07:45:22.420389,1688,TOWER-4
9485013618,9883716767,2026-07-15T22:45:22.420389,989,TOWER-4
9883716767,9119325613,2026-06-14T17:45:22.420389,1774,TOWER-4
9997208934,9485013618,2026-08-17T05:45:22.420389,1287,TOWER-2
9122330468,9859601150,2026-08-19T16:45:22.420389,716,TOWER-4
9645445371,9223786821,2026-07-16T22:45:22.420389,1631,TOWER-1
9992003135,9250703355,2026-07-02T17:45:22.420389,512,TOWER-4
9455401597,9658565490,2026-08-30T17:45:22.420389,309,TOWER-4
9250703355,9485013618,2026-07-15T22:45:22.420389,1469,TOWER-5
9223786821,9485013618,2026-07-11T22:45:22.420389,992,TOWER-2
9776723706,9507631359,2026-06-16T08:45:22.420389,628,TOWER-1
9103521443,9930059616,2026-06-03T00:45:22.420389,1797,TOWER-3
9157334558,9223786821,2026-07-13T22:45:22.420389,1657,TOWER-5
9316044204,9119325613,2026-08-27T11:45:22.420389,701,TOWER-2
9485013618,9250703355,2026-07-14T22:45:22.420389,728,TOWER-5
9763553360,9507631359,2026-06-23T04:45:22.420389,705,TOWER-1
9223786821,9416624250,2026-08-19T11:45:22.420389,857,TOWER-5
9206683624,9250703355,2026-07-14T22:45:22.420389,117,TOWER-4
9485013618,9206683624,2026-07-14T22:45:22.420389,346,TOWER-3
9658565490,9930059616,2026-06-17T11:45:22.420389,724,TOWER-2
9316044204,9122330468,2026-08-07T01:45:22.420389,530,TOWER-4
9883716767,9119325613,2026-07-15T22:45:22.420389,921,TOWER-3
9485013618,9157334558,2026-07-15T22:45:22.420389,730,TOWER-3
9395894857,9507631359,2026-08-27T05:45:22.420389,224,TOWER-1
9997208934,9166012408,2026-08-13T22:45:22.420389,408,TOWER-3
9515353101,9834030738,2026-06-21T17:45:22.420389,1060,TOWER-4
9483778558,9103521443,2026-07-04T11:45:22.420389,924,TOWER-1
9859601150,9250703355,2026-06-03T16:45:22.420389,1769,TOWER-2
9396524876,9483778558,2026-07-21T05:45:22.420389,985,TOWER-3
9485013618,9157334558,2026-07-12T22:45:22.420389,1213,TOWER-1
9633844632,9157334558,2026-07-11T22:45:22.420389,444,TOWER-2
9223786821,9633844632,2026-07-13T22:45:22.420389,800,TOWER-1
9485013618,9206683624,2026-07-17T22:45:22.420389,430,TOWER-3
9776723706,9252679083,2026-08-15T02:45:22.420389,275,TOWER-2
9223786821,9166012408,2026-06-12T20:45:22.420389,336,TOWER-5
9645445371,9883716767,2026-07-02T15:45:22.420389,1370,TOWER-1
9206683624,9250703355,2026-07-19T22:45:22.420389,1776,TOWER-4
9947866864,9251305036,2026-08-13T19:45:22.420389,609,TOWER-2
9395894857,9440112039,2026-07-07T18:45:22.420389,1420,TOWER-2
9157334558,9485013618,2026-07-19T22:45:22.420389,1098,TOWER-5
9485013618,9785122250,2026-07-04T15:45:22.420389,613,TOWER-2
9157334558,9485013618,2026-07-11T22:45:22.420389,299,TOWER-5
9883716767,9485013618,2026-07-13T22:45:22.420389,1164,TOWER-1
9485013618,9763553360,2026-07-01T01:45:22.420389,1325,TOWER-2
9251305036,9103521443,2026-06-21T05:45:22.420389,520,TOWER-5
9633844632,9485013618,2026-07-15T22:45:22.420389,101,TOWER-4
9645445371,9633844632,2026-07-17T22:45:22.420389,577,TOWER-2
9507861547,9206683624,2026-07-14T10:45:22.420389,996,TOWER-5
9645445371,9223786821,2026-07-11T22:45:22.420389,595,TOWER-1
9119325613,9485013618,2026-07-15T22:45:22.420389,1378,TOWER-2
9485013618,9223786821,2026-07-14T22:45:22.420389,19,TOWER-4
9157334558,9992003135,2026-06-19T15:45:22.420389,1415,TOWER-3
9223786821,9206683624,2026-08-15T00:45:22.420389,408,TOWER-5
9883716767,9250703355,2026-07-18T22:45:22.420389,772,TOWER-3
9316044204,9658565490,2026-08-07T20:45:22.420389,557,TOWER-1
9250703355,9883716767,2026-07-18T22:45:22.420389,1703,TOWER-4
9834030738,9455401597,2026-06-19T10:45:22.420389,959,TOWER-5
9206683624,9763553360,2026-07-25T00:45:22.420389,1548,TOWER-5
9763553360,9316044204,2026-06-07T10:45:22.420389,851,TOWER-4
9883716767,9250703355,2026-07-15T22:45:22.420389,1250,TOWER-5
9633844632,9223786821,2026-07-19T22:45:22.420389,1596,TOWER-2
9223786821,9166012408,2026-06-08T20:45:22.420389,17,TOWER-3
9122330468,9658565490,2026-08-11T02:45:22.420389,1396,TOWER-1
9119325613,9206683624,2026-07-12T22:45:22.420389,220,TOWER-4
9119325613,9250703355,2026-07-18T22:45:22.420389,950,TOWER-4
9834030738,9119325613,2026-07-22T21:45:22.420389,922,TOWER-1
9119325613,9485013618,2026-07-10T22:45:22.420389,1115,TOWER-5
9252679083,9507631359,2026-08-18T01:45:22.420389,1352,TOWER-4
9356684463,9776723706,2026-08-14T19:45:22.420389,1518,TOWER-4
9645445371,9485013618,2026-07-16T22:45:22.420389,315,TOWER-2
9157334558,9633844632,2026-07-15T22:45:22.420389,919,TOWER-4
9344234907,9947866864,2026-08-26T17:45:22.420389,329,TOWER-1
9633844632,9485013618,2026-07-20T22:45:22.420389,744,TOWER-1
9633844632,9157334558,2026-07-13T22:45:22.420389,1493,TOWER-2
9455401597,9223786821,2026-06-29T19:45:22.420389,670,TOWER-3
9103521443,9992003135,2026-08-25T00:45:22.420389,1514,TOWER-2
9507861547,9785122250,2026-07-29T19:45:22.420389,1671,TOWER-2
9507631359,9166012408,2026-07-24T00:45:22.420389,1277,TOWER-5
9157334558,9316044204,2026-08-20T21:45:22.420389,1598,TOWER-3
9157334558,9633844632,2026-07-19T22:45:22.420389,1085,TOWER-2
9470943746,9658565490,2026-08-04T06:45:22.420389,1660,TOWER-1
9470943746,9250703355,2026-07-03T05:45:22.420389,114,TOWER-2
9251305036,9252679083,2026-08-29T12:45:22.420389,398,TOWER-2
9223786821,9416624250,2026-08-18T05:45:22.420389,123,TOWER-2
9930059616,9440112039,2026-08-02T05:45:22.420389,1489,TOWER-4
9633844632,9645445371,2026-07-18T22:45:22.420389,637,TOWER-4
9206683624,9947866864,2026-08-24T21:45:22.420389,180,TOWER-5
9206683624,9992003135,2026-08-22T04:45:22.420389,724,TOWER-4
9396524876,9763553360,2026-06-27T08:45:22.420389,1186,TOWER-4
9396524876,9992003135,2026-08-17T08:45:22.420389,413,TOWER-2
9101766480,9997208934,2026-08-22T11:45:22.420389,1715,TOWER-5
9396524876,9776723706,2026-07-27T18:45:22.420389,1337,TOWER-5
9157334558,9645445371,2026-07-15T22:45:22.420389,1255,TOWER-1
9485013618,9834030738,2026-08-15T04:45:22.420389,671,TOWER-4
9633844632,9119325613,2026-07-26T04:45:22.420389,808,TOWER-2
9507631359,9416624250,2026-08-08T06:45:22.420389,981,TOWER-5
9157334558,9485013618,2026-07-14T22:45:22.420389,934,TOWER-5
9763553360,9157334558,2026-06-30T17:45:22.420389,812,TOWER-1
9883716767,9485013618,2026-07-15T22:45:22.420389,1608,TOWER-5
9119325613,9250703355,2026-07-10T22:45:22.420389,408,TOWER-4
9206683624,9883716767,2026-07-16T22:45:22.420389,957,TOWER-5
9485013618,9776723706,2026-07-11T20:45:22.420389,648,TOWER-2
9485013618,9119325613,2026-07-18T22:45:22.420389,1445,TOWER-3
9883716767,9119325613,2026-07-12T22:45:22.420389,120,TOWER-1
9947866864,9507631359,2026-08-15T22:45:22.420389,1665,TOWER-5
9316044204,9101766480,2026-06-09T19:45:22.420389,924,TOWER-2
9763553360,9316044204,2026-08-08T20:45:22.420389,541,TOWER-1
9645445371,9485013618,2026-07-12T22:45:22.420389,920,TOWER-4
9251305036,9166012408,2026-07-02T01:45:22.420389,245,TOWER-4
9645445371,9157334558,2026-07-12T22:45:22.420389,1692,TOWER-2
9633844632,9157334558,2026-07-14T22:45:22.420389,441,TOWER-4
9997208934,9440112039,2026-06-18T16:45:22.420389,1687,TOWER-5
9883716767,9119325613,2026-07-18T22:45:22.420389,1129,TOWER-3
9396524876,9485013618,2026-06-29T09:45:22.420389,467,TOWER-2
9315220005,9834030738,2026-07-19T03:45:22.420389,1273,TOWER-2
9507631359,9315220005,2026-07-07T19:45:22.420389,1044,TOWER-2
9859601150,9992003135,2026-07-02T02:45:22.420389,382,TOWER-5
9206683624,9883716767,2026-07-12T22:45:22.420389,1047,TOWER-3
9997208934,9658565490,2026-06-11T10:45:22.420389,44,TOWER-4
9515353101,9455401597,2026-08-19T09:45:22.420389,983,TOWER-1
9645445371,9157334558,2026-07-18T22:45:22.420389,1756,TOWER-2
9396524876,9507631359,2026-08-24T16:45:22.420389,576,TOWER-3
9157334558,9485013618,2026-07-14T22:45:22.420389,344,TOWER-5
9859601150,9763553360,2026-06-25T16:45:22.420389,1530,TOWER-4
9455401597,9157334558,2026-08-18T15:45:22.420389,1202,TOWER-1
9859601150,9507861547,2026-06-29T12:45:22.420389,1681,TOWER-2
9206683624,9883716767,2026-07-20T22:45:22.420389,1366,TOWER-5
9992003135,9103521443,2026-06-16T08:45:22.420389,828,TOWER-2
9103521443,9315220005,2026-06-28T05:45:22.420389,1198,TOWER-3
9157334558,9633844632,2026-07-10T22:45:22.420389,1765,TOWER-2
9251305036,9785122250,2026-07-08T21:45:22.420389,281,TOWER-2
9483778558,9356684463,2026-07-24T13:45:22.420389,1444,TOWER-5
9356684463,9930059616,2026-07-28T01:45:22.420389,844,TOWER-1
9633844632,9780075432,2026-07-09T14:45:22.420389,250,TOWER-2
9515353101,9633844632,2026-06-01T22:45:22.420389,648,TOWER-4
9119325613,9250703355,2026-07-17T22:45:22.420389,991,TOWER-4
9645445371,9344234907,2026-08-22T01:45:22.420389,437,TOWER-2
9633844632,9223786821,2026-07-15T22:45:22.420389,548,TOWER-2
9485013618,9119325613,2026-08-23T10:45:22.420389,1572,TOWER-1
9250703355,9485013618,2026-07-10T22:45:22.420389,965,TOWER-5
9166012408,9507861547,2026-06-03T17:45:22.420389,1755,TOWER-1
9223786821,9157334558,2026-07-16T22:45:22.420389,983,TOWER-5
9763553360,9396524876,2026-08-17T03:45:22.420389,176,TOWER-1
9645445371,9485013618,2026-07-20T22:45:22.420389,1422,TOWER-1
9930059616,9859601150,2026-07-08T18:45:22.420389,1482,TOWER-5
9645445371,9157334558,2026-07-19T22:45:22.420389,961,TOWER-1
9483778558,9103521443,2026-07-12T10:45:22.420389,1649,TOWER-4
9883716767,9485013618,2026-08-14T12:45:22.420389,882,TOWER-1
9633844632,9157334558,2026-07-07T12:45:22.420389,1107,TOWER-2
9119325613,9250703355,2026-06-18T17:45:22.420389,1788,TOWER-5
9223786821,9633844632,2026-07-20T22:45:22.420389,1532,TOWER-5
9633844632,9157334558,2026-07-17T22:45:22.420389,741,TOWER-3
9157334558,9455401597,2026-06-02T04:45:22.420389,1215,TOWER-5
9485013618,9645445371,2026-07-10T22:45:22.420389,851,TOWER-4
9344234907,9251305036,2026-06-10T10:45:22.420389,1433,TOWER-5
9223786821,9633844632,2026-07-10T22:45:22.420389,605,TOWER-1
9883716767,9119325613,2026-07-16T22:45:22.420389,395,TOWER-5
9633844632,9645445371,2026-07-20T22:45:22.420389,353,TOWER-5
9166012408,9344234907,2026-08-18T22:45:22.420389,140,TOWER-2
9645445371,9485013618,2026-07-13T22:45:22.420389,1150,TOWER-4
9834030738,9119325613,2026-06-07T04:45:22.420389,1528,TOWER-3
9883716767,9250703355,2026-07-19T22:45:22.420389,18,TOWER-3
9250703355,9485013618,2026-07-10T22:45:22.420389,78,TOWER-4
9223786821,9485013618,2026-07-17T22:45:22.420389,800,TOWER-5
9947866864,9122330468,2026-08-14T12:45:22.420389,762,TOWER-4
9122330468,9776723706,2026-08-20T00:45:22.420389,1559,TOWER-1
9883716767,9645445371,2026-08-12T19:45:22.420389,1372,TOWER-1
9947866864,9992003135,2026-06-11T09:45:22.420389,89,TOWER-3
9157334558,9785122250,2026-07-01T01:45:22.420389,1357,TOWER-4
9645445371,9633844632,2026-07-11T22:45:22.420389,745,TOWER-2
9122330468,9206683624,2026-06-18T12:45:22.420389,1652,TOWER-4
9223786821,9252679083,2026-07-31T16:45:22.420389,1288,TOWER-1
9250703355,9507631359,2026-06-26T15:45:22.420389,1347,TOWER-4
9834030738,9316044204,2026-07-01T02:45:22.420389,1158,TOWER-4
9122330468,9785122250,2026-08-30T19:45:22.420389,599,TOWER-2
9633844632,9223786821,2026-07-20T22:45:22.420389,286,TOWER-5
9119325613,9883716767,2026-07-19T22:45:22.420389,1666,TOWER-5
9250703355,9103521443,2026-06-19T23:45:22.420389,1210,TOWER-1
9763553360,9485013618,2026-07-29T20:45:22.420389,548,TOWER-5
9645445371,9316044204,2026-06-07T19:45:22.420389,783,TOWER-4
9166012408,9763553360,2026-06-27T20:45:22.420389,1355,TOWER-3
9206683624,9883716767,2026-07-12T22:45:22.420389,121,TOWER-4
9157334558,9633844632,2026-07-16T22:45:22.420389,816,TOWER-3
9645445371,9633844632,2026-07-17T22:45:22.420389,166,TOWER-4
9633844632,9485013618,2026-07-13T22:45:22.420389,754,TOWER-2
9395894857,9122330468,2026-07-14T17:45:22.420389,1004,TOWER-3
9250703355,9883716767,2026-07-13T22:45:22.420389,1676,TOWER-4
9470943746,9166012408,2026-06-20T10:45:22.420389,977,TOWER-1
9119325613,9658565490,2026-07-12T02:45:22.420389,910,TOWER-5
9645445371,9776723706,2026-08-27T03:45:22.420389,1675,TOWER-4
9315220005,9103521443,2026-08-30T04:45:22.420389,914,TOWER-2
9206683624,9119325613,2026-07-11T22:45:22.420389,13,TOWER-3
9859601150,9507861547,2026-07-26T17:45:22.420389,194,TOWER-2
9763553360,9416624250,2026-07-17T13:45:22.420389,296,TOWER-5
9206683624,9470943746,2026-08-24T02:45:22.420389,456,TOWER-3
9344234907,9507631359,2026-08-25T13:45:22.420389,792,TOWER-3
9119325613,9485013618,2026-07-13T13:45:22.420389,1061,TOWER-4
9206683624,9485013618,2026-07-20T22:45:22.420389,826,TOWER-5
9122330468,9633844632,2026-07-25T23:45:22.420389,853,TOWER-4
9883716767,9206683624,2026-08-28T16:45:22.420389,1799,TOWER-3
9485013618,9633844632,2026-07-13T22:45:22.420389,891,TOWER-2
9485013618,9157334558,2026-07-12T22:45:22.420389,1384,TOWER-4
9992003135,9251305036,2026-07-20T08:45:22.420389,1402,TOWER-2
9633844632,9157334558,2026-08-12T18:45:22.420389,1670,TOWER-4
9119325613,9834030738,2026-08-30T06:45:22.420389,152,TOWER-4
9223786821,9859601150,2026-06-05T10:45:22.420389,1215,TOWER-5
9485013618,9250703355,2026-07-18T22:45:22.420389,1047,TOWER-4
9834030738,9252679083,2026-08-05T06:45:22.420389,1785,TOWER-3
9416624250,9455401597,2026-08-01T10:45:22.420389,211,TOWER-3
9834030738,9122330468,2026-06-28T21:45:22.420389,551,TOWER-4
9483778558,9119325613,2026-08-16T03:45:22.420389,992,TOWER-5
9485013618,9507861547,2026-06-30T00:45:22.420389,544,TOWER-5
9440112039,9776723706,2026-07-31T18:45:22.420389,984,TOWER-3
9633844632,9483778558,2026-07-02T00:45:22.420389,1677,TOWER-1
9119325613,9356684463,2026-07-27T10:45:22.420389,560,TOWER-4
9315220005,9252679083,2026-08-02T05:45:22.420389,1360,TOWER-4
9633844632,9507861547,2026-06-29T11:45:22.420389,1240,TOWER-3
9883716767,9119325613,2026-07-20T22:45:22.420389,771,TOWER-1
9883716767,9485013618,2026-07-13T22:45:22.420389,205,TOWER-2
9645445371,9223786821,2026-07-17T22:45:22.420389,1536,TOWER-5
9834030738,9780075432,2026-08-26T18:45:22.420389,1162,TOWER-4
9223786821,9645445371,2026-07-16T22:45:22.420389,224,TOWER-4
9119325613,9883716767,2026-07-25T12:45:22.420389,1476,TOWER-1
9119325613,9206683624,2026-07-18T22:45:22.420389,216,TOWER-5
9883716767,9485013618,2026-07-12T22:45:22.420389,91,TOWER-4
9515353101,9785122250,2026-07-05T02:45:22.420389,1181,TOWER-2
9485013618,9883716767,2026-07-15T22:45:22.420389,1078,TOWER-4
9344234907,9763553360,2026-08-09T07:45:22.420389,422,TOWER-5
9223786821,9485013618,2026-07-18T22:45:22.420389,1049,TOWER-4
9507861547,9252679083,2026-06-27T22:45:22.420389,102,TOWER-4
9396524876,9947866864,2026-07-04T16:45:22.420389,1229,TOWER-1
9947866864,9440112039,2026-08-07T08:45:22.420389,69,TOWER-5
9485013618,9645445371,2026-07-13T22:45:22.420389,689,TOWER-5
9485013618,9157334558,2026-07-10T22:45:22.420389,49,TOWER-1
9507631359,9633844632,2026-07-15T22:45:22.420389,128,TOWER-2
9883716767,9485013618,2026-07-11T22:45:22.420389,1682,TOWER-5
9206683624,9250703355,2026-07-16T22:45:22.420389,374,TOWER-2
9166012408,9992003135,2026-06-07T14:45:22.420389,1360,TOWER-4
9103521443,9992003135,2026-08-27T05:45:22.420389,374,TOWER-3
9485013618,9250703355,2026-07-15T22:45:22.420389,1060,TOWER-3
9997208934,9645445371,2026-08-17T01:45:22.420389,436,TOWER-3
9316044204,9859601150,2026-07-10T13:45:22.420389,778,TOWER-2
9485013618,9645445371,2026-07-18T22:45:22.420389,70,TOWER-2
9315220005,9483778558,2026-08-12T00:45:22.420389,235,TOWER-1
9157334558,9645445371,2026-07-18T22:45:22.420389,590,TOWER-1
9206683624,9883716767,2026-07-16T22:45:22.420389,1541,TOWER-4
9103521443,9344234907,2026-06-10T20:45:22.420389,1355,TOWER-1
9633844632,9485013618,2026-07-12T22:45:22.420389,247,TOWER-4
9206683624,9250703355,2026-07-18T22:45:22.420389,1766,TOWER-1
9485013618,9206683624,2026-07-15T22:45:22.420389,955,TOWER-4
9103521443,9883716767,2026-08-03T17:45:22.420389,460,TOWER-5
9930059616,9859601150,2026-07-02T10:45:22.420389,1721,TOWER-4
9776723706,9440112039,2026-06-10T23:45:22.420389,262,TOWER-3
9947866864,9515353101,2026-06-15T06:45:22.420389,912,TOWER-2
9930059616,9395894857,2026-06-12T12:45:22.420389,756,TOWER-5
9470943746,9776723706,2026-08-07T15:45:22.420389,1171,TOWER-5
9119325613,9485013618,2026-07-18T22:45:22.420389,151,TOWER-2
9251305036,9166012408,2026-08-26T20:45:22.420389,1097,TOWER-4
9633844632,9515353101,2026-06-29T18:45:22.420389,692,TOWER-2
9507861547,9470943746,2026-08-13T06:45:22.420389,1065,TOWER-1
9316044204,9416624250,2026-08-06T19:45:22.420389,1017,TOWER-3
9997208934,9103521443,2026-08-01T14:45:22.420389,279,TOWER-3
9251305036,9785122250,2026-08-27T02:45:22.420389,114,TOWER-5
9206683624,9485013618,2026-07-19T22:45:22.420389,751,TOWER-1
9992003135,9859601150,2026-06-15T12:45:22.420389,11,TOWER-3
9658565490,9883716767,2026-08-13T17:45:22.420389,255,TOWER-4
9834030738,9396524876,2026-06-27T13:45:22.420389,1262,TOWER-2
9633844632,9483778558,2026-07-21T01:45:22.420389,578,TOWER-4
9483778558,9658565490,2026-07-16T17:45:22.420389,1653,TOWER-1
9507631359,9992003135,2026-07-03T15:45:22.420389,498,TOWER-3
9992003135,9251305036,2026-08-26T18:45:22.420389,1692,TOWER-4
9645445371,9483778558,2026-06-30T01:45:22.420389,425,TOWER-1
9157334558,9633844632,2026-07-16T22:45:22.420389,1268,TOWER-2
9883716767,9206683624,2026-07-11T22:45:22.420389,1152,TOWER-3
9223786821,9633844632,2026-07-12T22:45:22.420389,800,TOWER-1
9992003135,9416624250,2026-07-27T12:45:22.420389,1776,TOWER-1
9157334558,9103521443,2026-07-14T08:45:22.420389,1513,TOWER-3
9883716767,9485013618,2026-07-14T22:45:22.420389,79,TOWER-3
9633844632,9122330468,2026-07-01T19:45:22.420389,1711,TOWER-1
9645445371,9416624250,2026-08-18T06:45:22.420389,1221,TOWER-3
9776723706,9997208934,2026-06-24T15:45:22.420389,797,TOWER-4
9645445371,9485013618,2026-07-18T22:45:22.420389,802,TOWER-1
9485013618,9206683624,2026-07-19T22:45:22.420389,892,TOWER-4
9223786821,9645445371,2026-07-13T22:45:22.420389,437,TOWER-1
9930059616,9344234907,2026-06-07T21:45:22.420389,163,TOWER-5
9776723706,9507631359,2026-06-18T06:45:22.420389,551,TOWER-5
9316044204,9315220005,2026-06-27T06:45:22.420389,826,TOWER-4
9507631359,9470943746,2026-07-05T08:45:22.420389,824,TOWER-1
9645445371,9883716767,2026-08-27T07:45:22.420389,1535,TOWER-5
9206683624,9883716767,2026-07-11T22:45:22.420389,1020,TOWER-5
9122330468,9763553360,2026-07-25T16:45:22.420389,1229,TOWER-4
9315220005,9440112039,2026-07-20T22:45:22.420389,1460,TOWER-3
9101766480,9250703355,2026-07-03T03:45:22.420389,1305,TOWER-4
9344234907,9119325613,2026-08-29T01:45:22.420389,993,TOWER-2
9780075432,9633844632,2026-06-22T10:45:22.420389,593,TOWER-5
9485013618,9157334558,2026-07-14T22:45:22.420389,1411,TOWER-2
9223786821,9633844632,2026-07-20T22:45:22.420389,1341,TOWER-2
9883716767,9930059616,2026-06-30T05:45:22.420389,917,TOWER-4
9223786821,9485013618,2026-07-15T22:45:22.420389,505,TOWER-2
9834030738,9157334558,2026-07-12T22:45:22.420389,340,TOWER-2
9356684463,9251305036,2026-07-07T23:45:22.420389,820,TOWER-2
9645445371,9515353101,2026-06-19T16:45:22.420389,868,TOWER-1
9344234907,9440112039,2026-08-15T16:45:22.420389,407,TOWER-3
9485013618,9250703355,2026-07-11T22:45:22.420389,660,TOWER-2
9645445371,9251305036,2026-06-06T13:45:22.420389,816,TOWER-2
9223786821,9344234907,2026-08-29T02:45:22.420389,580,TOWER-5
9485013618,9223786821,2026-07-19T22:45:22.420389,713,TOWER-3
9119325613,9485013618,2026-07-18T22:45:22.420389,295,TOWER-4
9157334558,9633844632,2026-07-16T22:45:22.420389,1412,TOWER-5
9485013618,9223786821,2026-06-01T18:45:22.420389,591,TOWER-1
9507861547,9785122250,2026-07-13T06:45:22.420389,457,TOWER-3
9440112039,9483778558,2026-08-28T12:45:22.420389,1160,TOWER-5
9645445371,9633844632,2026-07-18T22:45:22.420389,1497,TOWER-4
9396524876,9763553360,2026-08-08T15:45:22.420389,327,TOWER-3
9507861547,9223786821,2026-06-20T11:45:22.420389,163,TOWER-3
9157334558,9859601150,2026-06-26T21:45:22.420389,1779,TOWER-5
9103521443,9440112039,2026-06-26T05:45:22.420389,950,TOWER-5
9658565490,9785122250,2026-06-30T07:45:22.420389,1313,TOWER-2
9455401597,9507861547,2026-08-20T08:45:22.420389,854,TOWER-3
9483778558,9157334558,2026-07-28T22:45:22.420389,620,TOWER-5
9485013618,9645445371,2026-07-10T22:45:22.420389,835,TOWER-5
9485013618,9206683624,2026-07-18T22:45:22.420389,1056,TOWER-3
9785122250,9103521443,2026-06-28T15:45:22.420389,1078,TOWER-1
9252679083,9997208934,2026-08-08T23:45:22.420389,89,TOWER-5
9157334558,9166012408,2026-08-30T05:45:22.420389,939,TOWER-3
9834030738,9633844632,2026-08-20T03:45:22.420389,1093,TOWER-2
9101766480,9250703355,2026-08-07T13:45:22.420389,840,TOWER-3
9416624250,9947866864,2026-08-02T23:45:22.420389,1005,TOWER-1
9206683624,9883716767,2026-07-14T22:45:22.420389,399,TOWER-4
9645445371,9157334558,2026-07-12T22:45:22.420389,871,TOWER-5
9658565490,9395894857,2026-08-04T04:45:22.420389,1620,TOWER-1
9455401597,9395894857,2026-07-15T07:45:22.420389,1112,TOWER-4
9166012408,9103521443,2026-08-06T18:45:22.420389,1309,TOWER-2
9947866864,9883716767,2026-07-18T21:45:22.420389,1581,TOWER-5
9485013618,9206683624,2026-07-18T22:45:22.420389,826,TOWER-1
9658565490,9470943746,2026-07-20T10:45:22.420389,409,TOWER-4
9166012408,9763553360,2026-07-13T00:45:22.420389,1605,TOWER-2
9223786821,9658565490,2026-07-01T10:45:22.420389,452,TOWER-1
9250703355,9485013618,2026-07-16T22:45:22.420389,61,TOWER-2
9396524876,9883716767,2026-07-25T13:45:22.420389,742,TOWER-5
9776723706,9947866864,2026-06-17T11:45:22.420389,1456,TOWER-3
9485013618,9633844632,2026-07-02T18:45:22.420389,1550,TOWER-2
9315220005,9507861547,2026-05-31T22:45:22.420389,285,TOWER-4
9119325613,9485013618,2026-07-20T22:45:22.420389,622,TOWER-4
9251305036,9316044204,2026-07-04T17:45:22.420389,1717,TOWER-4
9645445371,9485013618,2026-07-12T22:45:22.420389,786,TOWER-2
9206683624,9947866864,2026-08-24T22:45:22.420389,969,TOWER-3
9883716767,9485013618,2026-07-16T22:45:22.420389,1003,TOWER-4
9223786821,9166012408,2026-06-29T08:45:22.420389,735,TOWER-3
9645445371,9157334558,2026-07-12T22:45:22.420389,89,TOWER-1
9396524876,9485013618,2026-06-13T10:45:22.420389,319,TOWER-4
9119325613,9485013618,2026-07-15T22:45:22.420389,1533,TOWER-5
9763553360,9658565490,2026-08-02T16:45:22.420389,575,TOWER-2
9515353101,9315220005,2026-08-10T10:45:22.420389,465,TOWER-4
9645445371,9157334558,2026-07-19T22:45:22.420389,1151,TOWER-3
9883716767,9101766480,2026-07-15T00:45:22.420389,818,TOWER-3
9157334558,9645445371,2026-07-15T22:45:22.420389,1687,TOWER-1
9356684463,9101766480,2026-06-01T01:45:22.420389,374,TOWER-4
9930059616,9101766480,2026-06-18T18:45:22.420389,1694,TOWER-1
9992003135,9785122250,2026-07-29T23:45:22.420389,825,TOWER-4
9157334558,9645445371,2026-07-12T22:45:22.420389,1359,TOWER-3
9645445371,9157334558,2026-07-15T22:45:22.420389,140,TOWER-3
9992003135,9763553360,2026-08-09T21:45:22.420389,1214,TOWER-1
9883716767,9250703355,2026-08-07T15:45:22.420389,1093,TOWER-1
9470943746,9515353101,2026-06-28T15:45:22.420389,785,TOWER-1
9992003135,9507861547,2026-07-06T02:45:22.420389,356,TOWER-4
9883716767,9515353101,2026-07-29T22:45:22.420389,1020,TOWER-3
9166012408,9633844632,2026-06-20T04:45:22.420389,628,TOWER-5
9507631359,9252679083,2026-07-28T13:45:22.420389,422,TOWER-3
9157334558,9633844632,2026-07-12T22:45:22.420389,1075,TOWER-1
9395894857,9356684463,2026-07-05T22:45:22.420389,1208,TOWER-4
9119325613,9206683624,2026-07-15T22:45:22.420389,213,TOWER-3
9507631359,9396524876,2026-07-13T01:45:22.420389,641,TOWER-2
9119325613,9785122250,2026-06-10T03:45:22.420389,277,TOWER-4
9883716767,9485013618,2026-07-11T22:45:22.420389,1262,TOWER-1
9470943746,9455401597,2026-06-04T16:45:22.420389,911,TOWER-4
9119325613,9250703355,2026-07-11T22:45:22.420389,1350,TOWER-1
9507631359,9930059616,2026-07-16T12:45:22.420389,1511,TOWER-3
9157334558,9416624250,2026-08-18T17:45:22.420389,667,TOWER-5
9947866864,9507631359,2026-06-10T07:45:22.420389,594,TOWER-3
9997208934,9483778558,2026-07-06T20:45:22.420389,759,TOWER-4
9206683624,9250703355,2026-07-11T22:45:22.420389,877,TOWER-2
9883716767,9250703355,2026-07-10T22:45:22.420389,944,TOWER-4
9485013618,9250703355,2026-07-29T19:45:22.420389,275,TOWER-2
9416624250,9633844632,2026-07-29T08:45:22.420389,1739,TOWER-4
9483778558,9947866864,2026-07-25T22:45:22.420389,19,TOWER-5
9166012408,9883716767,2026-06-16T23:45:22.420389,1666,TOWER-2
9356684463,9992003135,2026-07-31T10:45:22.420389,245,TOWER-1
9101766480,9859601150,2026-06-05T08:45:22.420389,1107,TOWER-1
9930059616,9785122250,2026-06-24T18:45:22.420389,309,TOWER-3
9395894857,9166012408,2026-07-30T01:45:22.420389,794,TOWER-5
9356684463,9645445371,2026-08-07T14:45:22.420389,934,TOWER-5
9157334558,9633844632,2026-07-19T22:45:22.420389,698,TOWER-2
9633844632,9157334558,2026-07-10T22:45:22.420389,1721,TOWER-4
9483778558,9515353101,2026-08-13T22:45:22.420389,294,TOWER-4
9483778558,9315220005,2026-06-30T18:45:22.420389,659,TOWER-5
9250703355,9119325613,2026-07-19T22:45:22.420389,1378,TOWER-3
9251305036,9485013618,2026-08-29T15:45:22.420389,1391,TOWER-1
9101766480,9157334558,2026-06-06T19:45:22.420389,156,TOWER-4
9470943746,9315220005,2026-06-27T00:45:22.420389,1037,TOWER-1
9251305036,9485013618,2026-07-27T17:45:22.420389,465,TOWER-4
9633844632,9157334558,2026-07-18T22:45:22.420389,913,TOWER-1
9250703355,9883716767,2026-07-20T22:45:22.420389,853,TOWER-4
9633844632,9645445371,2026-07-14T22:45:22.420389,814,TOWER-5
9485013618,9223786821,2026-07-20T22:45:22.420389,291,TOWER-1
9395894857,9440112039,2026-07-12T03:45:22.420389,1066,TOWER-5
9119325613,9250703355,2026-07-11T22:45:22.420389,424,TOWER-1
9883716767,9119325613,2026-07-13T22:45:22.420389,441,TOWER-1
9780075432,9356684463,2026-06-01T10:45:22.420389,1673,TOWER-5
9206683624,9119325613,2026-07-12T22:45:22.420389,644,TOWER-2
9250703355,9119325613,2026-07-13T22:45:22.420389,563,TOWER-2
9250703355,9997208934,2026-08-30T02:45:22.420389,978,TOWER-2
9356684463,9119325613,2026-08-25T20:45:22.420389,698,TOWER-3
9250703355,9485013618,2026-07-11T22:45:22.420389,76,TOWER-1
9633844632,9157334558,2026-07-18T22:45:22.420389,768,TOWER-1
9157334558,9223786821,2026-07-14T22:45:22.420389,184,TOWER-1
9316044204,9658565490,2026-07-02T16:45:22.420389,863,TOWER-3
9250703355,9507861547,2026-07-22T21:45:22.420389,1490,TOWER-5
9206683624,9250703355,2026-07-14T22:45:22.420389,169,TOWER-2
9633844632,9645445371,2026-07-20T22:45:22.420389,74,TOWER-3
9485013618,9859601150,2026-07-24T03:45:22.420389,891,TOWER-2
9206683624,9483778558,2026-07-06T15:45:22.420389,891,TOWER-4
9645445371,9507861547,2026-07-09T20:45:22.420389,220,TOWER-4
9483778558,9859601150,2026-07-30T15:45:22.420389,855,TOWER-1
9395894857,9776723706,2026-07-18T18:45:22.420389,574,TOWER-1
9785122250,9356684463,2026-07-21T05:45:22.420389,1320,TOWER-2
9470943746,9834030738,2026-06-20T06:45:22.420389,125,TOWER-2
9785122250,9930059616,2026-08-08T09:45:22.420389,746,TOWER-2
9416624250,9470943746,2026-08-02T16:45:22.420389,25,TOWER-5
9223786821,9645445371,2026-07-13T22:45:22.420389,1523,TOWER-1
9396524876,9930059616,2026-07-14T14:45:22.420389,55,TOWER-5
9633844632,9485013618,2026-07-12T22:45:22.420389,267,TOWER-3
9947866864,9101766480,2026-07-07T20:45:22.420389,1498,TOWER-4
9485013618,9119325613,2026-07-13T22:45:22.420389,37,TOWER-4
9645445371,9206683624,2026-06-14T18:45:22.420389,918,TOWER-1
9633844632,9157334558,2026-07-19T06:45:22.420389,1489,TOWER-5
9395894857,9780075432,2026-08-21T17:45:22.420389,1101,TOWER-5
9206683624,9119325613,2026-07-10T22:45:22.420389,431,TOWER-2
9252679083,9157334558,2026-07-29T10:45:22.420389,615,TOWER-4
9416624250,9507631359,2026-07-12T03:45:22.420389,1666,TOWER-3
9250703355,9883716767,2026-07-12T22:45:22.420389,637,TOWER-2
9122330468,9356684463,2026-06-24T01:45:22.420389,297,TOWER-4
9250703355,9780075432,2026-06-29T05:45:22.420389,612,TOWER-5
9645445371,9485013618,2026-07-10T22:45:22.420389,730,TOWER-4
9206683624,9250703355,2026-08-27T21:45:22.420389,143,TOWER-5
9859601150,9252679083,2026-06-29T11:45:22.420389,1708,TOWER-3
9483778558,9122330468,2026-07-30T18:45:22.420389,1140,TOWER-3
9930059616,9316044204,2026-06-04T05:45:22.420389,239,TOWER-1
9763553360,9315220005,2026-06-24T14:45:22.420389,1060,TOWER-1
9645445371,9416624250,2026-08-20T05:45:22.420389,570,TOWER-4
9883716767,9859601150,2026-07-13T23:45:22.420389,572,TOWER-3
9645445371,9883716767,2026-07-07T05:45:22.420389,1447,TOWER-3
9119325613,9206683624,2026-07-18T22:45:22.420389,700,TOWER-5
9633844632,9645445371,2026-07-14T22:45:22.420389,1383,TOWER-2
9507861547,9997208934,2026-07-08T11:45:22.420389,827,TOWER-1
9157334558,9485013618,2026-07-15T22:45:22.420389,780,TOWER-5
9119325613,9206683624,2026-07-20T22:45:22.420389,1037,TOWER-3
9485013618,9119325613,2026-07-18T22:45:22.420389,1652,TOWER-5
9101766480,9763553360,2026-07-13T07:45:22.420389,200,TOWER-1
9633844632,9515353101,2026-07-21T01:45:22.420389,895,TOWER-3
9157334558,9645445371,2026-07-11T22:45:22.420389,779,TOWER-3
9483778558,9930059616,2026-06-25T05:45:22.420389,844,TOWER-3
9992003135,9515353101,2026-06-21T19:45:22.420389,1737,TOWER-1
9485013618,9119325613,2026-07-12T22:45:22.420389,911,TOWER-1
9166012408,9515353101,2026-07-29T06:45:22.420389,1182,TOWER-1
9633844632,9947866864,2026-06-13T01:45:22.420389,478,TOWER-1
9658565490,9315220005,2026-08-21T10:45:22.420389,897,TOWER-3
9785122250,9396524876,2026-07-18T08:45:22.420389,798,TOWER-4
9416624250,9252679083,2026-07-02T16:45:22.420389,473,TOWER-5
9250703355,9206683624,2026-07-16T22:45:22.420389,809,TOWER-3
9223786821,9485013618,2026-07-14T22:45:22.420389,1232,TOWER-4
9997208934,9992003135,2026-06-05T14:45:22.420389,863,TOWER-3
9396524876,9658565490,2026-07-31T12:45:22.420389,1595,TOWER-5
9485013618,9251305036,2026-08-27T11:45:22.420389,1612,TOWER-1
9645445371,9763553360,2026-06-05T02:45:22.420389,1223,TOWER-3
9157334558,9356684463,2026-08-17T22:45:22.420389,997,TOWER-3
9250703355,9485013618,2026-07-11T22:45:22.420389,1116,TOWER-4
9315220005,9483778558,2026-08-21T20:45:22.420389,800,TOWER-3
9251305036,9103521443,2026-08-18T17:45:22.420389,618,TOWER-1
9763553360,9658565490,2026-07-17T03:45:22.420389,19,TOWER-1
9776723706,9119325613,2026-06-18T18:45:22.420389,11,TOWER-2
9997208934,9416624250,2026-07-20T00:45:22.420389,1581,TOWER-2
9122330468,9251305036,2026-08-04T14:45:22.420389,337,TOWER-5
9658565490,9834030738,2026-06-30T17:45:22.420389,948,TOWER-4
9166012408,9834030738,2026-06-13T08:45:22.420389,731,TOWER-1
9515353101,9395894857,2026-07-27T11:45:22.420389,990,TOWER-4
