sender,receiver,amount,timestamp,account
ACC35658,ACC26850,2445,2026-06-24T21:54:24.479333,ACC35658
ACC96083,ACC65889,5971,2026-08-18T11:54:24.479333,ACC96083
ACC72929,ACC12563,273514,2026-07-17T22:54:24.479333,ACC72929
ACC26850,ACC13998,12417,2026-07-08T16:54:24.479333,ACC26850
ACC78965,ACC92229,18746,2026-07-15T07:54:24.479333,ACC78965
ACC72241,ACC96083,77558,2026-07-16T22:54:24.479333,ACC72241
ACC72241,ACC13998,13637,2026-07-14T11:54:24.479333,ACC72241
ACC38246,ACC72929,200678,2026-07-19T22:54:24.479333,ACC38246
ACC84354,ACC72929,479660,2026-07-20T22:54:24.479333,ACC84354
ACC61474,ACC31043,13634,2026-06-11T04:54:24.479333,ACC61474
ACC65889,ACC98631,12144,2026-06-05T19:54:24.479333,ACC65889
ACC31043,ACC72241,1441,2026-07-30T16:54:24.479333,ACC31043
ACC24641,ACC29594,11313,2026-08-04T11:54:24.479333,ACC24641
ACC12563,ACC66754,146083,2026-07-11T22:54:24.479333,ACC12563
ACC15979,ACC85099,7631,2026-07-01T14:54:24.479333,ACC15979
ACC35658,ACC14528,10751,2026-06-02T12:54:24.479333,ACC35658
ACC78965,ACC14619,13784,2026-08-26T00:54:24.479333,ACC78965
ACC61474,ACC65889,9844,2026-06-09T05:54:24.479333,ACC61474
ACC66754,ACC72241,205125,2026-07-11T22:54:24.479333,ACC66754
ACC96083,ACC98227,10514,2026-07-04T12:54:24.479333,ACC96083
ACC84354,ACC12563,339490,2026-07-14T22:54:24.479333,ACC84354
ACC38246,ACC15979,17629,2026-08-05T00:54:24.479333,ACC38246
ACC72565,ACC84354,18490,2026-08-20T07:54:24.479333,ACC72565
ACC14619,ACC71428,4936,2026-06-10T03:54:24.479333,ACC14619
ACC66754,ACC24641,259783,2026-07-13T22:54:24.479333,ACC66754
ACC66754,ACC96083,164148,2026-07-11T22:54:24.479333,ACC66754
ACC38246,ACC66754,490754,2026-07-14T22:54:24.479333,ACC38246
ACC24641,ACC66754,340517,2026-07-18T22:54:24.479333,ACC24641
ACC72241,ACC24641,172842,2026-07-17T22:54:24.479333,ACC72241
ACC66754,ACC72241,441339,2026-07-20T22:54:24.479333,ACC66754
ACC31043,ACC18768,4429,2026-07-14T22:54:24.479333,ACC31043
ACC92229,ACC84354,18007,2026-06-13T16:54:24.479333,ACC92229
ACC15979,ACC38246,19989,2026-08-19T12:54:24.479333,ACC15979
ACC12563,ACC84354,4726,2026-08-22T18:54:24.479333,ACC12563
ACC96083,ACC66754,136313,2026-07-11T22:54:24.479333,ACC96083
ACC98227,ACC80009,9679,2026-08-09T02:54:24.479333,ACC98227
ACC59306,ACC26850,15700,2026-06-27T08:54:24.479333,ACC59306
ACC24641,ACC45597,270317,2026-07-16T22:54:24.479333,ACC24641
ACC82319,ACC51499,1807,2026-08-12T05:54:24.479333,ACC82319
ACC92229,ACC71428,3763,2026-07-17T10:54:24.479333,ACC92229
ACC31130,ACC59306,17675,2026-07-02T09:54:24.479333,ACC31130
ACC45597,ACC24641,449555,2026-07-17T22:54:24.479333,ACC45597
ACC85099,ACC45597,3791,2026-08-27T18:54:24.479333,ACC85099
ACC66754,ACC24641,282663,2026-07-10T22:54:24.479333,ACC66754
ACC38246,ACC26850,17422,2026-08-22T14:54:24.479333,ACC38246
ACC66754,ACC45597,196912,2026-07-18T22:54:24.479333,ACC66754
ACC15979,ACC14619,17422,2026-08-17T13:54:24.479333,ACC15979
ACC38246,ACC84354,428917,2026-07-14T22:54:24.479333,ACC38246
ACC20203,ACC13998,17651,2026-07-24T21:54:24.479333,ACC20203
ACC14619,ACC59306,17790,2026-06-21T05:54:24.479333,ACC14619
ACC80009,ACC79294,4335,2026-06-22T16:54:24.479333,ACC80009
ACC66754,ACC24641,335943,2026-07-20T22:54:24.479333,ACC66754
ACC59306,ACC14528,10099,2026-06-23T21:54:24.479333,ACC59306
ACC78965,ACC18753,2469,2026-08-04T05:54:24.479333,ACC78965
ACC84354,ACC38246,322194,2026-07-15T22:54:24.479333,ACC84354
ACC24641,ACC96083,450836,2026-07-16T22:54:24.479333,ACC24641
ACC96083,ACC66754,208359,2026-07-20T22:54:24.479333,ACC96083
ACC61474,ACC31130,15228,2026-07-01T17:54:24.479333,ACC61474
ACC61474,ACC72565,17052,2026-06-10T14:54:24.479333,ACC61474
ACC24641,ACC45597,180578,2026-07-13T22:54:24.479333,ACC24641
ACC38246,ACC45597,14808,2026-08-19T16:54:24.479333,ACC38246
ACC98631,ACC78965,9218,2026-07-12T06:54:24.479333,ACC98631
ACC66754,ACC72241,395868,2026-07-15T22:54:24.479333,ACC66754
ACC38246,ACC12563,221114,2026-07-11T22:54:24.479333,ACC38246
ACC72241,ACC96083,120505,2026-07-16T22:54:24.479333,ACC72241
ACC66754,ACC96083,157283,2026-07-10T22:54:24.479333,ACC66754
ACC98631,ACC15979,4851,2026-06-06T17:54:24.479333,ACC98631
ACC24641,ACC96083,213006,2026-07-11T22:54:24.479333,ACC24641
ACC45597,ACC24641,266047,2026-07-19T22:54:24.479333,ACC45597
ACC24641,ACC66754,161777,2026-07-20T22:54:24.479333,ACC24641
ACC66754,ACC96083,418007,2026-07-11T22:54:24.479333,ACC66754
ACC96083,ACC24641,131115,2026-07-17T22:54:24.479333,ACC96083
ACC71428,ACC13998,14330,2026-07-29T23:54:24.479333,ACC71428
ACC96083,ACC72929,9523,2026-08-06T06:54:24.479333,ACC96083
ACC96083,ACC66754,197199,2026-07-17T22:54:24.479333,ACC96083
ACC12563,ACC72929,477864,2026-07-17T22:54:24.479333,ACC12563
ACC66754,ACC96083,173710,2026-07-13T22:54:24.479333,ACC66754
ACC18490,ACC51499,8727,2026-08-11T01:54:24.479333,ACC18490
ACC38246,ACC72929,70090,2026-07-13T22:54:24.479333,ACC38246
ACC12563,ACC72929,431160,2026-07-18T22:54:24.479333,ACC12563
ACC96083,ACC72241,256675,2026-07-16T22:54:24.479333,ACC96083
ACC18490,ACC85099,7059,2026-06-09T08:54:24.479333,ACC18490
ACC72929,ACC84354,92559,2026-07-14T22:54:24.479333,ACC72929
ACC45597,ACC66754,178445,2026-07-18T22:54:24.479333,ACC45597
ACC71428,ACC31043,820,2026-08-16T17:54:24.479333,ACC71428
ACC82319,ACC96083,12489,2026-08-03T11:54:24.479333,ACC82319
ACC72929,ACC12563,409698,2026-07-19T22:54:24.479333,ACC72929
ACC78965,ACC15979,17763,2026-08-02T00:54:24.479333,ACC78965
ACC79294,ACC98227,18398,2026-08-16T03:54:24.479333,ACC79294
ACC66754,ACC45597,106476,2026-07-10T22:54:24.479333,ACC66754
ACC66754,ACC65996,7583,2026-08-29T05:54:24.479333,ACC66754
ACC26850,ACC14528,10474,2026-07-14T13:54:24.479333,ACC26850
ACC71428,ACC14619,15540,2026-06-09T11:54:24.479333,ACC71428
ACC13998,ACC79294,4020,2026-06-22T16:54:24.479333,ACC13998
ACC13998,ACC80009,8653,2026-08-03T08:54:24.479333,ACC13998
ACC66754,ACC24641,207076,2026-07-12T22:54:24.479333,ACC66754
ACC66754,ACC24641,211781,2026-07-12T22:54:24.479333,ACC66754
ACC84354,ACC18753,1794,2026-06-14T21:54:24.479333,ACC84354
ACC38246,ACC72929,273974,2026-07-18T22:54:24.479333,ACC38246
ACC82319,ACC31130,5719,2026-06-21T02:54:24.479333,ACC82319
ACC13998,ACC31043,12305,2026-08-29T17:54:24.479333,ACC13998
ACC72241,ACC66754,448550,2026-07-17T22:54:24.479333,ACC72241
ACC96083,ACC66754,220560,2026-07-19T22:54:24.479333,ACC96083
ACC20203,ACC96083,3496,2026-08-11T20:54:24.479333,ACC20203
ACC66754,ACC64451,4254,2026-06-02T03:54:24.479333,ACC66754
ACC14528,ACC80009,13316,2026-06-26T23:54:24.479333,ACC14528
ACC72929,ACC38246,276393,2026-07-15T22:54:24.479333,ACC72929
ACC85099,ACC51499,3694,2026-07-01T22:54:24.479333,ACC85099
ACC98631,ACC71428,9558,2026-06-18T03:54:24.479333,ACC98631
ACC64451,ACC66754,6037,2026-06-28T01:54:24.479333,ACC64451
ACC80009,ACC20203,3773,2026-08-02T00:54:24.479333,ACC80009
ACC66754,ACC96083,390314,2026-07-19T22:54:24.479333,ACC66754
ACC72929,ACC84354,66296,2026-07-11T22:54:24.479333,ACC72929
ACC85099,ACC57365,16032,2026-08-30T11:54:24.479333,ACC85099
ACC66754,ACC72241,76241,2026-07-15T22:54:24.479333,ACC66754
ACC38246,ACC66754,492836,2026-07-15T22:54:24.479333,ACC38246
ACC12563,ACC72929,488411,2026-07-12T22:54:24.479333,ACC12563
ACC18768,ACC98227,18098,2026-06-01T08:54:24.479333,ACC18768
ACC98631,ACC66754,887,2026-06-27T19:54:24.479333,ACC98631
ACC72565,ACC85099,12974,2026-06-02T08:54:24.479333,ACC72565
ACC82319,ACC72241,19754,2026-08-08T23:54:24.479333,ACC82319
ACC61474,ACC26850,16427,2026-08-28T10:54:24.479333,ACC61474
ACC14528,ACC51499,10594,2026-07-30T18:54:24.479333,ACC14528
ACC57365,ACC59306,1861,2026-06-26T16:54:24.479333,ACC57365
ACC66754,ACC72241,56027,2026-07-18T22:54:24.479333,ACC66754
ACC12563,ACC38246,316084,2026-07-15T22:54:24.479333,ACC12563
ACC72929,ACC12563,289637,2026-07-19T22:54:24.479333,ACC72929
ACC71428,ACC78965,2518,2026-08-16T08:54:24.479333,ACC71428
ACC65889,ACC35658,1162,2026-08-12T22:54:24.479333,ACC65889
ACC96083,ACC71428,18390,2026-07-12T12:54:24.479333,ACC96083
ACC72241,ACC66754,364491,2026-07-15T22:54:24.479333,ACC72241
ACC57365,ACC59306,19467,2026-08-04T14:54:24.479333,ACC57365
ACC38246,ACC64451,12915,2026-06-30T02:54:24.479333,ACC38246
ACC18753,ACC85099,7604,2026-08-19T20:54:24.479333,ACC18753
ACC38246,ACC57365,4951,2026-08-04T16:54:24.479333,ACC38246
ACC14528,ACC31043,11141,2026-06-05T07:54:24.479333,ACC14528
ACC72929,ACC38246,455993,2026-07-18T22:54:24.479333,ACC72929
ACC66754,ACC96083,179583,2026-07-15T22:54:24.479333,ACC66754
ACC72929,ACC79294,8600,2026-08-05T06:54:24.479333,ACC72929
ACC26850,ACC18768,5219,2026-07-27T02:54:24.479333,ACC26850
ACC15979,ACC72241,19695,2026-08-10T02:54:24.479333,ACC15979
ACC72565,ACC38246,13942,2026-08-26T03:54:24.479333,ACC72565
ACC64451,ACC15979,11620,2026-08-23T23:54:24.479333,ACC64451
ACC71428,ACC78965,16836,2026-08-02T00:54:24.479333,ACC71428
ACC72929,ACC66754,474570,2026-07-20T22:54:24.479333,ACC72929
ACC18753,ACC26850,18867,2026-06-26T20:54:24.479333,ACC18753
ACC64451,ACC49519,9561,2026-08-12T22:54:24.479333,ACC64451
ACC12563,ACC72929,197662,2026-07-15T22:54:24.479333,ACC12563
ACC45597,ACC66754,60729,2026-07-19T22:54:24.479333,ACC45597
ACC61474,ACC72565,13128,2026-07-08T01:54:24.479333,ACC61474
ACC20203,ACC51499,15045,2026-06-07T06:54:24.479333,ACC20203
ACC12563,ACC66754,11856,2026-06-25T10:54:24.479333,ACC12563
ACC66754,ACC84354,2209,2026-08-09T16:54:24.479333,ACC66754
ACC72565,ACC12563,5915,2026-08-10T06:54:24.479333,ACC72565
ACC12563,ACC38246,338078,2026-07-16T22:54:24.479333,ACC12563
ACC78965,ACC18753,2309,2026-07-30T17:54:24.479333,ACC78965
ACC72565,ACC65996,13258,2026-07-30T10:54:24.479333,ACC72565
ACC57365,ACC14528,10072,2026-07-15T14:54:24.479333,ACC57365
ACC66754,ACC96083,324829,2026-07-13T22:54:24.479333,ACC66754
ACC12563,ACC38246,369575,2026-07-11T22:54:24.479333,ACC12563
ACC66754,ACC72241,335863,2026-07-18T22:54:24.479333,ACC66754
ACC66754,ACC24641,232406,2026-07-19T22:54:24.479333,ACC66754
ACC85099,ACC98631,16941,2026-06-04T13:54:24.479333,ACC85099
ACC14528,ACC12563,4790,2026-08-26T08:54:24.479333,ACC14528
ACC57365,ACC80009,10321,2026-07-11T18:54:24.479333,ACC57365
ACC14619,ACC72241,2226,2026-07-17T22:54:24.479333,ACC14619
ACC45597,ACC96083,332081,2026-07-11T22:54:24.479333,ACC45597
ACC24641,ACC66754,61472,2026-07-18T22:54:24.479333,ACC24641
ACC35658,ACC14528,9771,2026-08-12T10:54:24.479333,ACC35658
ACC79294,ACC29594,1133,2026-06-08T00:54:24.479333,ACC79294
ACC14619,ACC18753,18276,2026-08-28T07:54:24.479333,ACC14619
ACC31043,ACC66754,3445,2026-08-01T04:54:24.479333,ACC31043
ACC12563,ACC84354,477348,2026-07-12T22:54:24.479333,ACC12563
ACC61474,ACC78965,1716,2026-06-03T15:54:24.479333,ACC61474
ACC24641,ACC29594,17099,2026-08-21T16:54:24.479333,ACC24641
ACC78965,ACC20203,2144,2026-06-27T23:54:24.479333,ACC78965
ACC61474,ACC13998,7339,2026-08-14T20:54:24.479333,ACC61474
ACC61474,ACC85099,17515,2026-06-05T18:54:24.479333,ACC61474
ACC59306,ACC98631,9260,2026-08-16T10:54:24.479333,ACC59306
ACC49519,ACC20203,4948,2026-06-08T04:54:24.479333,ACC49519
ACC84354,ACC38246,318793,2026-07-17T22:54:24.479333,ACC84354
ACC84354,ACC92229,17994,2026-06-03T17:54:24.479333,ACC84354
ACC38246,ACC31130,4798,2026-06-21T12:54:24.479333,ACC38246
ACC96083,ACC24641,14333,2026-06-13T00:54:24.479333,ACC96083
ACC66754,ACC45597,141063,2026-07-20T22:54:24.479333,ACC66754
ACC12563,ACC72929,457015,2026-07-18T22:54:24.479333,ACC12563
ACC31130,ACC65996,10431,2026-07-19T13:54:24.479333,ACC31130
ACC13998,ACC18768,5913,2026-06-23T17:54:24.479333,ACC13998
ACC80009,ACC31043,2938,2026-06-15T15:54:24.479333,ACC80009
ACC38246,ACC84354,65510,2026-07-13T22:54:24.479333,ACC38246
ACC96083,ACC24641,462700,2026-07-13T22:54:24.479333,ACC96083
ACC66754,ACC96083,225046,2026-07-19T22:54:24.479333,ACC66754
ACC38246,ACC72929,62366,2026-07-18T22:54:24.479333,ACC38246
ACC14619,ACC45597,1193,2026-08-06T10:54:24.479333,ACC14619
ACC96083,ACC72241,347893,2026-07-10T22:54:24.479333,ACC96083
ACC45597,ACC96083,134142,2026-07-13T22:54:24.479333,ACC45597
ACC66754,ACC72241,411154,2026-07-18T22:54:24.479333,ACC66754
ACC26850,ACC98227,14442,2026-08-08T14:54:24.479333,ACC26850
ACC38246,ACC72929,154824,2026-07-13T22:54:24.479333,ACC38246
ACC45597,ACC82319,11097,2026-06-30T07:54:24.479333,ACC45597
ACC24641,ACC45597,465996,2026-07-18T22:54:24.479333,ACC24641
ACC15979,ACC57365,3027,2026-08-29T16:54:24.479333,ACC15979
ACC96083,ACC72241,373818,2026-07-19T22:54:24.479333,ACC96083
ACC65889,ACC71428,7113,2026-08-12T12:54:24.479333,ACC65889
ACC14528,ACC26850,11620,2026-08-14T01:54:24.479333,ACC14528
ACC96083,ACC24641,315234,2026-07-16T22:54:24.479333,ACC96083
ACC84354,ACC12563,397439,2026-07-16T22:54:24.479333,ACC84354
ACC24641,ACC79294,18543,2026-07-20T16:54:24.479333,ACC24641
ACC72241,ACC96083,456314,2026-07-17T22:54:24.479333,ACC72241
ACC66754,ACC45597,399708,2026-07-10T22:54:24.479333,ACC66754
ACC66754,ACC24641,200803,2026-07-17T22:54:24.479333,ACC66754
ACC64451,ACC84354,14974,2026-08-04T04:54:24.479333,ACC64451
ACC15979,ACC13998,18883,2026-08-29T22:54:24.479333,ACC15979
ACC38246,ACC66754,6951,2026-07-27T20:54:24.479333,ACC38246
ACC84354,ACC66754,267453,2026-07-18T22:54:24.479333,ACC84354
ACC61474,ACC24641,9593,2026-08-01T21:54:24.479333,ACC61474
ACC72241,ACC24641,330319,2026-07-19T22:54:24.479333,ACC72241
ACC15979,ACC31130,18949,2026-08-28T01:54:24.479333,ACC15979
ACC24641,ACC45597,155261,2026-07-15T22:54:24.479333,ACC24641
ACC82319,ACC31130,8712,2026-08-24T13:54:24.479333,ACC82319
ACC24641,ACC45597,114995,2026-07-20T22:54:24.479333,ACC24641
ACC45597,ACC66754,172696,2026-07-13T22:54:24.479333,ACC45597
ACC45597,ACC65996,1873,2026-08-18T17:54:24.479333,ACC45597
ACC72241,ACC18753,5145,2026-06-27T21:54:24.479333,ACC72241
ACC65889,ACC20203,10257,2026-07-12T03:54:24.479333,ACC65889
ACC65889,ACC18490,4967,2026-07-30T23:54:24.479333,ACC65889
ACC57365,ACC14528,5476,2026-06-30T06:54:24.479333,ACC57365
ACC72929,ACC84354,229654,2026-07-13T22:54:24.479333,ACC72929
ACC24641,ACC66754,373623,2026-07-12T22:54:24.479333,ACC24641
ACC72241,ACC96083,244388,2026-07-17T22:54:24.479333,ACC72241
ACC18490,ACC72565,1299,2026-06-22T22:54:24.479333,ACC18490
ACC15979,ACC64451,8404,2026-06-20T17:54:24.479333,ACC15979
ACC38246,ACC66754,489289,2026-07-10T22:54:24.479333,ACC38246
ACC38246,ACC72929,122816,2026-07-16T22:54:24.479333,ACC38246
ACC24641,ACC26850,5112,2026-06-16T15:54:24.479333,ACC24641
ACC14619,ACC24641,9442,2026-08-02T06:54:24.479333,ACC14619
ACC72929,ACC14528,6829,2026-08-28T14:54:24.479333,ACC72929
ACC14528,ACC65889,19390,2026-06-15T18:54:24.479333,ACC14528
ACC31130,ACC72929,12319,2026-06-26T07:54:24.479333,ACC31130
ACC29594,ACC65996,13244,2026-08-05T02:54:24.479333,ACC29594
ACC24641,ACC66754,112664,2026-07-15T22:54:24.479333,ACC24641
ACC15979,ACC18753,4220,2026-08-15T12:54:24.479333,ACC15979
ACC45597,ACC72241,169292,2026-07-11T22:54:24.479333,ACC45597
ACC98631,ACC18490,12706,2026-08-16T21:54:24.479333,ACC98631
ACC66754,ACC45597,195441,2026-07-17T22:54:24.479333,ACC66754
ACC49519,ACC14619,11186,2026-07-27T20:54:24.479333,ACC49519
ACC29594,ACC84354,1764,2026-08-13T07:54:24.479333,ACC29594
ACC35658,ACC14528,4994,2026-06-28T15:54:24.479333,ACC35658
ACC38246,ACC66754,72674,2026-07-15T22:54:24.479333,ACC38246
ACC13998,ACC38246,15275,2026-08-28T08:54:24.479333,ACC13998
ACC14528,ACC85099,19353,2026-08-09T15:54:24.479333,ACC14528
ACC72241,ACC15979,12871,2026-07-22T11:54:24.479333,ACC72241
ACC57365,ACC72565,3991,2026-06-11T21:54:24.479333,ACC57365
ACC96083,ACC72241,53796,2026-07-10T22:54:24.479333,ACC96083
ACC72565,ACC92229,7980,2026-06-04T05:54:24.479333,ACC72565
ACC72929,ACC14528,16401,2026-06-02T01:54:24.479333,ACC72929
ACC92229,ACC13998,2460,2026-07-25T17:54:24.479333,ACC92229
ACC72929,ACC85099,1360,2026-06-23T12:54:24.479333,ACC72929
ACC96083,ACC71428,17419,2026-06-01T15:54:24.479333,ACC96083
ACC72241,ACC96083,206895,2026-07-11T22:54:24.479333,ACC72241
ACC24641,ACC66754,496856,2026-07-15T22:54:24.479333,ACC24641
ACC61474,ACC65889,8739,2026-08-03T12:54:24.479333,ACC61474
ACC82319,ACC64451,19225,2026-07-30T07:54:24.479333,ACC82319
ACC49519,ACC96083,4132,2026-06-30T02:54:24.479333,ACC49519
ACC96083,ACC66754,292356,2026-07-15T22:54:24.479333,ACC96083
ACC14619,ACC65889,15456,2026-07-01T09:54:24.479333,ACC14619
ACC26850,ACC96083,5384,2026-07-22T18:54:24.479333,ACC26850
ACC64451,ACC65996,3095,2026-08-10T02:54:24.479333,ACC64451
ACC35658,ACC71428,2925,2026-08-26T02:54:24.479333,ACC35658
ACC64451,ACC14619,18146,2026-05-31T23:54:24.479333,ACC64451
ACC64451,ACC71428,11354,2026-08-23T01:54:24.479333,ACC64451
ACC72929,ACC84354,363341,2026-07-10T22:54:24.479333,ACC72929
ACC24641,ACC96083,478946,2026-07-13T22:54:24.479333,ACC24641
ACC29594,ACC31130,11629,2026-06-07T06:54:24.479333,ACC29594
ACC29594,ACC72241,7482,2026-07-19T22:54:24.479333,ACC29594
ACC51499,ACC31130,2891,2026-06-08T04:54:24.479333,ACC51499
ACC59306,ACC45597,3316,2026-06-06T18:54:24.479333,ACC59306
ACC72241,ACC96083,260312,2026-07-14T22:54:24.479333,ACC72241
ACC84354,ACC79294,5935,2026-07-18T01:54:24.479333,ACC84354
ACC45597,ACC24641,337006,2026-07-16T22:54:24.479333,ACC45597
ACC66754,ACC59306,14793,2026-06-30T03:54:24.479333,ACC66754
ACC12563,ACC84354,275768,2026-07-16T22:54:24.479333,ACC12563
ACC72241,ACC66754,491475,2026-07-19T22:54:24.479333,ACC72241
ACC14619,ACC82319,820,2026-08-26T08:54:24.479333,ACC14619
ACC72241,ACC71428,8309,2026-07-04T22:54:24.479333,ACC72241
ACC14528,ACC98631,19830,2026-06-24T14:54:24.479333,ACC14528
ACC38246,ACC15979,2981,2026-08-17T00:54:24.479333,ACC38246
ACC57365,ACC61474,1836,2026-06-28T10:54:24.479333,ACC57365
ACC13998,ACC14528,17314,2026-06-05T00:54:24.479333,ACC13998
ACC78965,ACC80009,16799,2026-08-07T05:54:24.479333,ACC78965
ACC26850,ACC31130,17236,2026-07-12T23:54:24.479333,ACC26850
ACC29594,ACC18753,19570,2026-06-26T18:54:24.479333,ACC29594
ACC38246,ACC84354,320911,2026-07-18T22:54:24.479333,ACC38246
ACC66754,ACC82319,15923,2026-06-27T14:54:24.479333,ACC66754
ACC38246,ACC84354,235988,2026-07-14T22:54:24.479333,ACC38246
ACC45597,ACC29594,6272,2026-06-04T03:54:24.479333,ACC45597
ACC66754,ACC45597,293499,2026-07-17T22:54:24.479333,ACC66754
ACC14528,ACC61474,9350,2026-06-28T23:54:24.479333,ACC14528
ACC57365,ACC64451,19531,2026-07-23T06:54:24.479333,ACC57365
ACC12563,ACC84354,404100,2026-07-16T22:54:24.479333,ACC12563
ACC20203,ACC24641,9999999,2026-05-31T22:54:24.479333,ACC20203
